system,HF,exact
B2,-49.09088,-49.4141
Be2,-29.13242,-29.338
C2,-75.4062,-75.9265
Li2,-14.87152,-14.995
