system,HF,exact
H2,-1.133519,-1.17447
LiH,-7.98729,-8.070548
Li2,-14.8715,-14.9954
Be,-14.57299,-14.66736
B,-24.52998,-24.65391
C,-37.68938,-37.845
